<usereventscript scriptid="customscript_ext_offer_modal_ue">
  <description>Displays button on Sales Order to trigger suitelet that displays warranty offers</description>
  <isinactive>F</isinactive>
  <name>Extend |  UE | Offer Modal</name>
  <notifyadmins>F</notifyadmins>
  <notifyemails></notifyemails>
  <notifyowner>T</notifyowner>
  <notifyuser>F</notifyuser>
  <scriptfile>[/SuiteApps/com.extend.extendproductprotection/userevent/customscript_ext_offer_modal_ue.js]</scriptfile>
  <scriptdeployments>
    <scriptdeployment scriptid="customdeploy_ext_offer_modal_ue">
      <allemployees>F</allemployees>
      <alllocalizationcontexts>T</alllocalizationcontexts>
      <allpartners>F</allpartners>
      <allroles>F</allroles>
      <audslctrole></audslctrole>
      <eventtype></eventtype>
      <executioncontext>ACTION|ADVANCEDREVREC|BANKCONNECTIVITY|BANKSTATEMENTPARSER|BUNDLEINSTALLATION|CLIENT|CONSOLRATEADJUSTOR|CSVIMPORT|CUSTOMGLLINES|CUSTOMMASSUPDATE|DATASETBUILDER|DEBUGGER|EMAILCAPTURE|FICONNECTIVITY|FIPARSER|MAPREDUCE|OTHER|PAYMENTGATEWAY|PAYMENTPOSTBACK|PLATFORMEXTENSION|PORTLET|PROMOTIONS|RECORDACTION|RESTLET|RESTWEBSERVICES|SCHEDULED|SDFINSTALLATION|SHIPPINGPARTNERS|SUITELET|TAXCALCULATION|USEREVENT|USERINTERFACE|WEBSERVICES|WORKBOOKBUILDER|WORKFLOW</executioncontext>
      <isdeployed>T</isdeployed>
      <loglevel>DEBUG</loglevel>
      <recordtype>SALESORDER</recordtype>
      <runasrole></runasrole>
      <status>TESTING</status>
    </scriptdeployment>
  </scriptdeployments>
</usereventscript>