<suitelet scriptid="customscript_ext_offer_presentation_sl">
  <description></description>
  <isinactive>F</isinactive>
  <name>Extend | SLET | Offer Modal</name>
  <notifyadmins>F</notifyadmins>
  <notifyemails></notifyemails>
  <notifyowner>T</notifyowner>
  <notifyuser>F</notifyuser>
  <scriptfile>[/SuiteApps/com.extend.extendproductprotection/suitelet/customscript_ext_offer_modal_sl.js]</scriptfile>
  <scriptcustomfields>
    <scriptcustomfield scriptid="custscript_ext_environment">
      <accesslevel>2</accesslevel>
      <applyformatting>F</applyformatting>
      <checkspelling>F</checkspelling>
      <defaultchecked>F</defaultchecked>
      <defaultselection></defaultselection>
      <defaultvalue></defaultvalue>
      <description></description>
      <displayheight></displayheight>
      <displaytype>NORMAL</displaytype>
      <displaywidth></displaywidth>
      <dynamicdefault></dynamicdefault>
      <fieldtype>SELECT</fieldtype>
      <help></help>
      <isformula>F</isformula>
      <ismandatory>F</ismandatory>
      <label>Extend Environment</label>
      <linktext></linktext>
      <maxlength></maxlength>
      <maxvalue></maxvalue>
      <minvalue></minvalue>
      <onparentdelete>NO_ACTION</onparentdelete>
      <searchlevel>2</searchlevel>
      <selectrecordtype>[scriptid=customlist_ext_environment]</selectrecordtype>
      <setting>COMPANY</setting>
      <storevalue>T</storevalue>
    </scriptcustomfield>
    <scriptcustomfield scriptid="custscript_ext_protection_plan">
      <accesslevel>2</accesslevel>
      <applyformatting>F</applyformatting>
      <checkspelling>F</checkspelling>
      <defaultchecked>F</defaultchecked>
      <defaultselection></defaultselection>
      <defaultvalue></defaultvalue>
      <description></description>
      <displayheight></displayheight>
      <displaytype>NORMAL</displaytype>
      <displaywidth></displaywidth>
      <dynamicdefault></dynamicdefault>
      <fieldtype>SELECT</fieldtype>
      <help></help>
      <isformula>F</isformula>
      <ismandatory>F</ismandatory>
      <label>Extend Protection Plan</label>
      <linktext></linktext>
      <maxlength></maxlength>
      <maxvalue></maxvalue>
      <minvalue></minvalue>
      <onparentdelete>SET_NULL</onparentdelete>
      <searchlevel>2</searchlevel>
      <selectrecordtype>-10</selectrecordtype>
      <setting>COMPANY</setting>
      <storevalue>T</storevalue>
    </scriptcustomfield>
  </scriptcustomfields>
  <scriptdeployments>
    <scriptdeployment scriptid="customdeploy_ext_offer_presentation_sl">
      <allemployees>F</allemployees>
      <allpartners>F</allpartners>
      <allroles>T</allroles>
      <audslctrole></audslctrole>
      <custscript_ext_environment></custscript_ext_environment>
      <custscript_ext_protection_plan></custscript_ext_protection_plan>
      <eventtype></eventtype>
      <isdeployed>T</isdeployed>
      <isonline>F</isonline>
      <loglevel>DEBUG</loglevel>
      <runasrole></runasrole>
      <status>RELEASED</status>
      <title>Extend | SLET | Offer Modal</title>
    </scriptdeployment>
  </scriptdeployments>
</suitelet>