<mapreducescript scriptid="customscript_ext_create_contract_mr">
  <description></description>
  <isinactive>F</isinactive>
  <name>Extend |  MR | Contract Create</name>
  <notifyadmins>F</notifyadmins>
  <notifyemails></notifyemails>
  <notifyowner>T</notifyowner>
  <scriptfile>[/SuiteApps/com.extend.extendproductprotection/mapreduce/customscript_ext_create_contract_mr.js]</scriptfile>
  <scriptcustomfields>
    <scriptcustomfield scriptid="custscript_ext_so_search">
      <accesslevel>2</accesslevel>
      <applyformatting>F</applyformatting>
      <checkspelling>F</checkspelling>
      <defaultchecked>F</defaultchecked>
      <defaultselection></defaultselection>
      <defaultvalue></defaultvalue>
      <description></description>
      <displayheight></displayheight>
      <displaytype>NORMAL</displaytype>
      <displaywidth></displaywidth>
      <dynamicdefault></dynamicdefault>
      <fieldtype>SELECT</fieldtype>
      <help></help>
      <isformula>F</isformula>
      <ismandatory>F</ismandatory>
      <label>Extend Sales Order Search</label>
      <linktext></linktext>
      <maxlength></maxlength>
      <maxvalue></maxvalue>
      <minvalue></minvalue>
      <onparentdelete>NO_ACTION</onparentdelete>
      <searchlevel>2</searchlevel>
      <selectrecordtype>-119</selectrecordtype>
      <setting></setting>
      <storevalue>T</storevalue>
    </scriptcustomfield>
  </scriptcustomfields>
  <scriptdeployments>
    <scriptdeployment scriptid="customdeploy_ext_create_contract_mr">
      <buffersize>1</buffersize>
      <concurrencylimit>1</concurrencylimit>
      <custscript_ext_so_search>[scriptid=customsearch_ext_contract_create]</custscript_ext_so_search>
      <isdeployed>T</isdeployed>
      <loglevel>DEBUG</loglevel>
      <queueallstagesatonce>T</queueallstagesatonce>
      <runasrole>ADMINISTRATOR</runasrole>
      <status>NOTSCHEDULED</status>
      <title>Extend |  MR | Contract Create</title>
      <yieldaftermins>60</yieldaftermins>
      <recurrence>
        <single>
          <repeat></repeat>
          <startdate>2022-03-01</startdate>
          <starttime>02:00:00Z</starttime>
        </single>
      </recurrence>
    </scriptdeployment>
  </scriptdeployments>
</mapreducescript>