<transactionbodycustomfield scriptid="custbody_ext_process_error">
  <accesslevel>2</accesslevel>
  <applyformatting>F</applyformatting>
  <bodyassemblybuild>F</bodyassemblybuild>
  <bodybom>F</bodybom>
  <bodycustomerpayment>F</bodycustomerpayment>
  <bodydeposit>F</bodydeposit>
  <bodydepositapplication>F</bodydepositapplication>
  <bodyexpensereport>F</bodyexpensereport>
  <bodyinventoryadjustment>F</bodyinventoryadjustment>
  <bodyitemfulfillment>F</bodyitemfulfillment>
  <bodyitemfulfillmentorder>F</bodyitemfulfillmentorder>
  <bodyitemreceipt>F</bodyitemreceipt>
  <bodyitemreceiptorder>F</bodyitemreceiptorder>
  <bodyjournal>F</bodyjournal>
  <bodyopportunity>F</bodyopportunity>
  <bodyothertransaction>F</bodyothertransaction>
  <bodypickingticket>F</bodypickingticket>
  <bodyprintflag>F</bodyprintflag>
  <bodyprintpackingslip>F</bodyprintpackingslip>
  <bodyprintstatement>F</bodyprintstatement>
  <bodypurchase>F</bodypurchase>
  <bodysale>T</bodysale>
  <bodytransferorder>F</bodytransferorder>
  <bodyvendorpayment>F</bodyvendorpayment>
  <checkspelling>F</checkspelling>
  <defaultchecked>F</defaultchecked>
  <defaultselection></defaultselection>
  <defaultvalue></defaultvalue>
  <description></description>
  <displayheight></displayheight>
  <displaytype>NORMAL</displaytype>
  <displaywidth></displaywidth>
  <dynamicdefault></dynamicdefault>
  <encryptatrest>F</encryptatrest>
  <fieldtype>CHECKBOX</fieldtype>
  <fldsizelabel></fldsizelabel>
  <globalsearch>F</globalsearch>
  <help></help>
  <isformula>F</isformula>
  <ismandatory>F</ismandatory>
  <isparent>F</isparent>
  <label>Extend Processing Error</label>
  <linktext></linktext>
  <maxlength></maxlength>
  <maxvalue></maxvalue>
  <minvalue></minvalue>
  <onparentdelete></onparentdelete>
  <parentsubtab></parentsubtab>
  <searchcomparefield></searchcomparefield>
  <searchdefault></searchdefault>
  <searchlevel>2</searchlevel>
  <selectrecordtype></selectrecordtype>
  <showhierarchy>F</showhierarchy>
  <showinlist>F</showinlist>
  <sourcefilterby></sourcefilterby>
  <sourcefrom></sourcefrom>
  <sourcelist></sourcelist>
  <storevalue>T</storevalue>
  <subtab></subtab>
</transactionbodycustomfield>