<manifest projecttype="SUITEAPP">
  <publisherid>com.extend</publisherid>
  <projectid>extendproductprotection</projectid>
  <projectname>Extend Product Protection</projectname>
  <projectversion>1.0.8</projectversion>
  <frameworkversion>1.0</frameworkversion>
  <dependencies>
    <features>
      <feature required="false">ASSEMBLIES</feature>
      <feature required="false">MULTILANGUAGE</feature>
      <feature required="false">EXPREPORTS</feature>
      <feature required="false">ADVRECEIVING</feature>
      <feature required="false">MULTILOCINVT</feature>
      <feature required="false">CRM</feature>
      <feature required="false">INVENTORY</feature>
      <feature required="false">EXTREMELIST</feature>
      <feature required="false">MAILMERGE</feature>
      <feature required="true">CUSTOMRECORDS</feature>
      <feature required="false">TIMETRACKING</feature>
      <feature required="false">WEBSITE</feature>
      <feature required="true">SERVERSIDESCRIPTING</feature>
      <feature required="false">OPPORTUNITIES</feature>
      <feature required="false">ACCOUNTING</feature>
      <feature required="false">WORKORDERS</feature>
      <feature required="false">RECEIVABLES</feature>
      <feature required="false">PAYABLES</feature>
    </features>
  </dependencies>
</manifest>